,year,month,text,date,sentiment,sentiment_comp
0,2021,1,idk bother alcohol inflation time high rn,2021-01-25 07:57:47,-0.4215,neg
1,2021,1,inflation much money mean price rise eventually gas gallon,2021-01-25 07:57:40,0.0,pos
2,2021,1,exert daily fix talk inflation roll deafen exuberance equity market sin consensus camp see sign real yield rise amp fed tolerate steep curve point usd fomc trading,2021-01-25 07:57:15,-0.5574,neg
3,2021,1,regard michellin explain recent price rise inflation aye,2021-01-25 07:57:08,0.0,pos
4,2021,1,oh mike since clearly unaware inflation level cheat sheet,2021-01-25 07:56:55,-0.2732,neg
5,2021,1,inflation trudeau care finance priority feminist gender gay right abortion progressive leftist political correctness wake climate diversity refugee migrant debt deficit radar,2021-01-25 07:56:44,-0.25,neg
6,2021,1,reserve mean anything inflation,2021-01-25 07:56:33,0.0,pos
7,2021,1,macri try volker thing embrace full dollarization despite borrow enough usd peronist world mmt er lower rate assertion true argentina inflation fall cut rate,2021-01-25 07:55:45,0.2023,pos
8,2021,1,people low skill welfare food stamp raise minimum every state every state need cost living either cause inflation well,2021-01-25 07:55:42,0.0,pos
9,2021,1,oh yeah buy eth hedge inflation bitcoin oh yeah eth hedge btc uselessness,2021-01-25 07:55:34,0.2023,pos
10,2021,1,hey answer question minimum wage inflation much keep promise easy answer,2021-01-25 07:54:44,0.6369,pos
11,2021,1,true taxis govt waste cause inflation everything cost produce,2021-01-25 07:54:33,0.0,pos
12,2021,1,fuck boomer update talking point decade municate impossible hur dur solar power petitive inflation luxury apartment cause gentrification,2021-01-25 07:53:18,-0.5423,neg
13,2021,1,nein nicht der preis inflation die frage ist falsch es werden ohnehin jede menge nutzlosen kryptow hrungen geschaffen code base opensource bessere frage wird eine neue kryptow hrung vergleichbar bedeutend daf muss beide stimman technologie und das soziale,2021-01-25 07:53:17,-0.5994,neg
14,2021,1,like inflation quote sure everything fine,2021-01-25 07:52:29,0.6808,pos
15,2021,2,lmao we senator pretend inflation mean parison today,2021-02-25 07:59:47,0.5423,pos
16,2021,2,joke matter million people know minimum wage rise year keep pace inflation far get per hour free lunch profit margin control,2021-02-25 07:59:41,0.8176,pos
17,2021,2,lumber price go america since april average new home cost build increase fed chair powell say yesterday see inflation tho lol lumber copper aluminum grocery begin,2021-02-25 07:59:09,0.6249,pos
18,2021,2,always good sign congresspeople know pretend know inflation,2021-02-25 07:59:09,0.3612,pos
19,2021,2,break govt plan exam teacher assess grade base mix coursework mock question exam board check moderation algorithm result th aug anyone appeal major risk grade inflation pressure teacher mass appeal,2021-02-25 07:59:00,-0.7501,neg
20,2021,2,inflation,2021-02-25 07:58:39,0.0,pos
21,2021,2,oh please asshole know minimum wage keep inflation find odd cook make couple buck hour year later,2021-02-25 07:58:03,0.0,pos
22,2021,2,go inflation calculator anything take less week take month,2021-02-25 07:57:40,0.0,pos
23,2021,2,idiot john thune never hear inflation,2021-02-25 07:57:35,-0.5106,neg
24,2021,2,investor moditie make collective wager government stimulus plus near zero interest rate fuel demand generate inflation amp weaken dollar economy rebound pandemic,2021-02-25 07:57:29,-0.0772,neg
25,2021,2,runaway inflation yet,2021-02-25 07:57:26,0.0,pos
26,2021,2,siri inflation,2021-02-25 07:57:20,0.0,pos
27,2021,2,republicans hear inflation livable wage party claim business market seem understand much economic,2021-02-25 07:57:20,0.4019,pos
28,2021,2,disingenuous pablum say issue sure aware something call inflation matter base wants hear,2021-02-25 07:57:17,0.34,pos
29,2021,2,wall termine en hausse alors que powell fed rassure sur inflation,2021-02-25 07:57:15,0.0,pos
30,2021,2,imagine elect senate seat understand inflation,2021-02-25 07:56:58,0.0,pos
31,2021,2,wage keep inflation,2021-02-25 07:56:36,0.0,pos
32,2021,2,bet high grade inflation go criticism teacher incentive pupil honest holdout go disadvantage,2021-02-25 07:56:17,0.0258,pos
33,2021,2,let think thissenjohnthune tweet bear hr salary adjust inflation fightfor minimumwage,2021-02-25 07:56:10,0.0,pos
34,2021,2,okay instead set adjust inflation,2021-02-25 07:55:44,0.2263,pos
35,2021,5,joe thirty five biden inflation plan tax inflation enough pay obamacare netflix,2021-05-25 07:59:55,-0.1027,neg
36,2021,5,furthermore inflation almost certainly high next year last year see look money supply velocity analysis look key macro factor,2021-05-25 07:59:39,0.2748,pos
37,2021,5,lmao keep tell inflation without actually acknowledge origin inflation,2021-05-25 07:59:17,0.5994,pos
38,2021,5,go buy gas lumber beef inflation statistic garbage look price normal stuff people use daily,2021-05-25 07:58:40,0.0,pos
39,2021,5,think sort pre hyperinflation inflation calm explode year,2021-05-25 07:58:07,0.3182,pos
40,2021,5,inflation adjust return rd median family rd median family start journey end nearly enough,2021-05-25 07:57:54,0.0,pos
41,2021,5,consumer confidence rise anz anzbank australia australian bank covid future impact inflation market melbourne outbreak unemployment,2021-05-25 07:57:49,0.1027,pos
42,2021,5,wonder adjust inflation eddie murphy beat bhc shrek movie make lot raw dollar time grant many mcu movie downey appear forgot cast around time back school,2021-05-25 07:57:34,0.3612,pos
43,2021,5,inflation,2021-05-25 07:57:15,0.0,pos
44,2021,5,ment clearly demonstrate ignorance topic read white paper understand requirement monetary instrument use currency know deterministic static inflation look like hater,2021-05-25 07:57:05,-0.0258,neg
45,2021,5,retiree worry inflation may want consider add investment portfolio bankingandfinancenew covid online banking bank business service finance home money loan lease lending market please retweet,2021-05-25 07:57:01,-0.0772,neg
46,2021,5,know elon one stand way stock market inflation inevitable see next bull run start doge get,2021-05-25 07:56:43,0.0,pos
47,2021,5,uphold chairman powell think serve people inflation paper tiger fulfill dual mandate,2021-05-25 07:56:34,0.4404,pos
48,2021,5,still pay subject insane rate inflation americans good example bag fluid saline iv er visit easily run americans bill cost hospital dollar obtain,2021-05-25 07:56:19,0.296,pos
49,2021,5,tech update billionaire investor ray dalio say rather bitcoin bond inflation surge reveal buy cryptocurrency let discuss digitaltransformation digitalstrategy digitalworkplace,2021-05-25 07:56:05,0.0,pos
50,2021,5,never self evaluate tip sex harsh environment tough time training soon get road let alone loss age time fly personal failure poverty loneliness traffic inflation,2021-05-25 07:56:01,-0.9442,neg
51,2021,5,reason well investment usd rn people want per year supply drive price inflation cause supply doge global currency population growth alone make deflationary,2021-05-25 07:55:56,0.4588,pos
52,2021,5,half produce consume real quantity industry support catch guard quick ramp demand supply kinda like toilet paper begin pandemic inflation happen,2021-05-25 07:55:50,0.5279,pos
53,2021,5,episode lumber housing car one thing mon rise price today bring episode inflation,2021-05-25 07:55:14,0.0,pos
54,2021,5,israel palestinian conflict inflation southern border belarus force jet oh nice gatorade,2021-05-25 07:54:25,0.128,pos
55,2021,5,comment la nurie mondiale de puce et les difficult approvisionnement entra nent une inflation des prix zdnet tech techno,2021-05-25 07:54:20,-0.3612,neg
56,2021,5,michael burry shocking position reveal hyper inflation prep,2021-05-25 07:53:55,-0.4019,neg
57,2021,5,inflation protect,2021-05-25 07:53:51,0.3818,pos
58,2021,5,many investor tip accessible professionally manage less volatile way add level inflation protection unlike bitcoin,2021-05-25 07:53:02,0.0,pos
59,2021,5,look tip reason auction weak investor starting think twice need expensive inflation protection,2021-05-25 07:53:02,-0.4404,neg
60,2021,5,transitory bond yield match cpi level like historically inflation due supply chain issue true rise cost,2021-05-25 07:52:59,0.6486,pos
61,2021,5,hey san offense cat ear order sexy belly inflation crap,2021-05-25 07:52:27,-0.0516,neg
62,2021,5,make zimbabwe first country sadc co mesa disseminate inflation statistic within day data collection,2021-05-25 07:52:18,0.0,pos
63,2021,5,literally second later tumble weird fucking bimbofication inflation vore transformation fetish rabbit hole ever,2021-05-25 07:52:11,-0.1779,neg
64,2021,5,sjw minimum wage law increase inflation,2021-05-25 07:51:48,0.3182,pos
65,2021,5,save invest steal saving inflation lol,2021-05-25 07:51:19,0.4215,pos
66,2021,5,another problem feed remove last excuse raise nominal interest rate target summer say mean inflation go roof say recipe undershoot inflation target big deal though,2021-05-25 07:51:16,0.1531,pos
67,2021,5,us gnp grow pa next two decade we wage rise war drive tremendous aggregation purchasing power tremendous demand good economist wrong america adapt inflation ease deja vu,2021-05-25 07:50:09,-0.4792,neg
68,2021,5,economy week ahead housing consumer spending inflation,2021-05-25 07:50:08,0.0,pos
69,2021,10,know balloon expensive inflation dadjoke,2021-10-25 07:59:58,0.0,pos
70,2021,10,inflation though,2021-10-25 07:59:58,0.0,pos
71,2021,10,panie bet shopper keep pay high price economy money holiday inflation news,2021-10-25 07:59:49,0.3182,pos
72,2021,10,nono trust politician say inflation usual everything fine,2021-10-25 07:59:45,0.6249,pos
73,2021,10,fun fact day inflation adjust disneyland parking cost today instead almost increase cool stuff,2021-10-25 07:59:43,0.7452,pos
74,2021,10,lol oh good inflation rise open border high gas price high unemployment hey worry gender sad,2021-10-25 07:59:31,-0.4939,neg
75,2021,10,year current likely continue inflation see right gold absolutely moon,2021-10-25 07:59:29,0.0,pos
76,2021,10,way inflation go american money new cny,2021-10-25 07:59:20,0.0,pos
77,2021,10,treefiddy inflation dollartree,2021-10-25 07:59:08,0.0,pos
78,2021,10,base frequency change inflation rate december say kind,2021-10-25 07:59:03,0.5267,pos
79,2021,10,look northern europe ideal choose transparent taxis oppose stealth taxis fund state inflation cruel tax exact upon unsophisticated stop try condition downtrodden spend little condition instead,2021-10-25 07:58:58,-0.6249,neg
80,2021,10,even possible make cartoon good dialogue good message clearly heart behind also slapstick shit like getting smushe inflation cartoon physics cuz bro i d hella make lifegoal,2021-10-25 07:58:55,0.891,pos
81,2021,10,feed inflation target whenever high unacceptable,2021-10-25 07:58:53,-0.4588,neg
82,2021,10,trump ignore covid make thing bad downplaying experience inflation try fact coronna,2021-10-25 07:58:18,-0.7184,neg
83,2021,10,noch funktioniert die methode der br llende tiger der sich aber bei genauerer betrachtung als wei maus entpuppt hervorragend die bauchredn vom diw ihre apokalypsephrasen arbeitspl tzeverlust firmenexodus amp inflation wirken halt immer noch jetzt schluss damit,2021-10-25 07:58:14,-0.8316,neg
84,2021,10,inflation everywhere always monetary phenomenon milton friedman,2021-10-25 07:58:11,0.0,pos
85,2021,10,wage stagnate inflation people less spend shop like aldi prosper grow high street close people increasingly rely food bank sound familiar,2021-10-25 07:58:02,0.3041,pos
86,2021,10,yeah man love hyper inflation,2021-10-25 07:57:56,0.7506,pos
87,2021,10,anyone else recall thanksgive dinner conversation bitcoin bull expect year add dynamic inflation exchange ramp hire,2021-10-25 07:57:41,0.3818,pos
88,2021,10,covid vax biden strong economy bull shit global respectable hahahahaha stand putin sure look like approve pl end afghan war strand americans lower taxis lead inflation soon hyperinflation unite americans ass,2021-10-25 07:57:28,-0.4939,neg
89,2021,10,inflation make hat valuable throw,2021-10-25 07:57:15,0.4767,pos
90,2021,10,topic smart people talk deflation vs inflation thread educate quite bit hopefully bring clarity seek,2021-10-25 07:57:13,0.8115,pos
91,2021,10,except talk venezuela ido wrong america live high inflation expect even close hyperinflation,2021-10-25 07:57:09,-0.4767,neg
92,2021,10,tlp march inflation mehghanai personal interest,2021-10-25 07:56:58,0.4588,pos
93,2021,10,still hope need anymore stimulus inflation run hot economy strong leave thing alone,2021-10-25 07:56:31,0.6124,pos
94,2021,10,inflation border crisis focus gfys,2021-10-25 07:56:28,-0.6249,neg
95,2021,10,monetary policy cause excess demand cause inflation problem port start year ago supply chain disruption monetary policy response cause,2021-10-25 07:56:04,-0.6908,neg
96,2021,10,energy inflation,2021-10-25 07:56:02,0.2732,pos
97,2021,10,true hedge grow inflation,2021-10-25 07:55:41,0.4215,pos
98,2021,10,inflation already control feed helpless,2021-10-25 07:55:38,-0.4588,neg
99,2021,10,edible oil price hit record high food inflation treat soar zerohedge jamieoliver foodnetwork wfp foodandwine bflay acfusa,2021-10-25 07:55:14,0.4019,pos
100,2021,10,actually perfect example cost push inflation joe ripple price everything also cause underlie economy slow hence stagflation,2021-10-25 07:55:04,0.5719,pos
101,2021,10,bad news inflation shortage stay,2021-10-25 07:55:00,-0.6705,neg
102,2021,10,inflation supply chain shortage southern border control net importer oil,2021-10-25 07:54:58,-0.25,neg
103,2021,10,imagine economy people money produce widget widget day price purchase widget day price rise purchase widget inflation precede increase velocity,2021-10-25 07:54:47,0.3182,pos
104,2021,10,inflation,2021-10-25 07:54:41,0.0,pos
105,2021,10,inflate asset tax inflation good plan,2021-10-25 07:54:23,0.6597,pos
106,2021,10,ff mais avec inflation donne plus de les salaire taient pas les mes les console taient moin ch re proportionnellement mais par contre fallait tre riche pour acheter des jeux perso mes parent en achetaient par max,2021-10-25 07:54:09,0.4215,pos
107,2021,10,nut work gender strategy ppl gunned chicago homeless camp overflow can border crisis mention inflation supply chain disaster truly pathetic administration year,2021-10-25 07:53:52,-0.875,neg
108,2021,10,let see iflondexofficial make wealthy enough ignore inflation,2021-10-25 07:53:43,0.0,pos
109,2021,10,taxis equal inflation transitory,2021-10-25 07:53:42,0.0,pos
110,2021,10,inflation well lack good shelf result manpower leave workforce back get pay stay home,2021-10-25 07:53:38,0.2732,pos
111,2021,10,change behavior due inflation already,2021-10-25 07:53:37,0.0,pos
112,2021,10,go to hyperinflation anytime soon smart people admit current inflation due money print one,2021-10-25 07:53:34,0.5423,pos
113,2021,10,hyper inflation economic tool totalitarian regime pierrepoilievreleslynlewisalexpiersonamp,2021-10-25 07:53:16,-0.4767,neg
114,2021,10,beat inflation getting crypto rich start londex,2021-10-25 07:53:06,0.5574,pos
115,2021,10,confusing state inflation input byritholtz,2021-10-25 07:53:01,-0.2263,neg
116,2021,10,try deflate inflation,2021-10-25 07:53:01,0.0,pos
117,2021,10,key word yellen predict inflation return normal second half finance money trading debtfree news currency globaltrade investment invest stockmarket wealth realestate market economy,2021-10-25 07:52:57,0.4939,pos
118,2021,10,sleepy creepy turn back oil line lift regulation fossil fuel got rid quick think inflation thing go away,2021-10-25 07:52:51,0.0,pos
119,2021,10,bination raw material inflation weak consumer spending make third quarter brutal period china panie viabusiness,2021-10-25 07:52:32,-0.7906,neg
120,2021,10,inflation see eth wallet thank tolondexofficial,2021-10-25 07:52:30,0.3612,pos
121,2021,10,already way inflation maybe read speak,2021-10-25 07:52:29,0.0,pos
122,2021,10,former prime minister jean chretien say concerned future canada economy inflation near year high say canada move dark alley exactly sound like vote confidence justin trudeau,2021-10-25 07:52:27,0.7003,pos
123,2021,10,problem government manipulator currency labour constantly lose value unless get raise year close keep inflation,2021-10-25 07:52:26,-0.4588,neg
124,2021,10,happen unrealized capital loss tax credit gt print money gt inflation sooo dumb,2021-10-25 07:52:04,0.0516,pos
125,2021,10,true value save fellow human create wealth build financial product earn yield inflation reduce velocity well price literally save human invest fund longevity research hex hex,2021-10-25 07:52:00,0.9517,pos
126,2021,10,inflation real look thelondexofficial chart,2021-10-25 07:51:54,0.0,pos
127,2021,10,herepgregmurphy even get inflation fuel cohort include business folk district concern inflation liberal thing,2021-10-25 07:51:51,0.0,pos
128,2021,2,say increase minimum wage lead increase purchasing power going get eat inflation,2021-02-25 07:55:35,0.5574,pos
129,2021,2,big news rbnz inflation target central bank generally house price accelerate many country run,2021-02-25 07:55:14,0.0,pos
130,2021,2,aside obvious disregard inflation amp cost living thune say business small town survive narrow margin course also anyone work small town tell exploitative business barely scrape,2021-02-25 07:55:08,-0.2732,neg
131,2021,2,sort money ludicrous sport still go afl grand final people family ticket event plus cheap ticket inflation bitch people bear,2021-02-25 07:55:05,-0.5106,neg
132,2021,2,short march back inflation like today policy maker big worry price spike crush economy stimulus policy prove excessive economy normalize risk inflation take lightly,2021-02-25 07:55:02,-0.4767,neg
133,2021,2,look metal price coinage long great example dilution coinage inflation cause,2021-02-25 07:55:02,0.6249,pos
134,2021,2,increase interest rate unlikely fed goal maximum employment inflation achieve chairman jerome powell say,2021-02-25 07:55:00,0.6486,pos
135,2021,2,third concern central regulation people ignore maximum inventory concept inflation happen right much trust human,2021-02-25 07:54:43,0.2023,pos
136,2021,2,congress rule debate medium scam corruption violence terror inflation bjp rule modis education smriti iranis certificate beef humein chahiye azaadi poor farmer eat pizza enjoy massage cricket stadium name,2021-02-25 07:54:43,-0.9022,neg
137,2021,2,senator familiar concept inflation,2021-02-25 07:54:29,0.0,pos
138,2021,2,gdp bro inflation rate exchange rate unemployment rate lending rate starter natural resource wealth like talented work craft get far,2021-02-25 07:54:20,0.8225,pos
139,2021,2,today show withjacobgoldstein think decade govt careful much borrow rate go inflation kick point past thinking change,2021-02-25 07:54:19,0.1531,pos
140,2021,2,inflation fear take back seat bank canada put focus job recovery covid market,2021-02-25 07:53:58,-0.4939,neg
141,2021,2,remember time chicken get we mint print ton money believe look cock inflation,2021-02-25 07:53:50,-0.1531,neg
142,2021,2,think conceptually least set minimum wage percentage state median wage say index inflation make sense,2021-02-25 07:53:48,0.0,pos
143,2021,2,clearly unaware concept inflation senator john thune everybody,2021-02-25 07:53:31,0.2263,pos
144,2021,2,lolol maybe eli measure discontinued measure cash economy measure saving deposit amp mutual fund still valuable forecast inflation,2021-02-25 07:53:28,0.4767,pos
145,2021,2,know whether laugh hysterically cry futility fed chair jerome powell say money print lead inflation,2021-02-25 07:53:20,0.128,pos
146,2021,2,inflation increase united nations food amp agriculture organization say global meat price january climb fourth straight month since dec corn future chicago risen soybeans,2021-02-25 07:52:54,0.7184,pos
147,2021,2,short support fund thing go right cover one good whiff inflation bad news item pretty messy stress deal,2021-02-25 07:52:49,-0.0,pos
148,2021,2,commodity price surge raise fear overshoot inflation hedge bet pour fuel sector rally price corn copper oil ft,2021-02-25 07:52:43,-0.4939,neg
149,2021,2,senator know inflation work,2021-02-25 07:52:38,0.0,pos
150,2021,2,supply sider like fed governor wayne angell manley johnson suggest modity price exchange rate yield curve warning incipient inflation fed temper think new discovery still worth watch,2021-02-25 07:52:33,-0.2023,neg
151,2021,2,understand relationship inflation oil price shock thank recovery subsidy pms however exchange rate pass spare we oil market bearish oil inflation nigeria pm,2021-02-25 07:52:32,-0.0258,neg
152,2021,2,explain wage increase hurt business without factor inflation brain worm shit,2021-02-25 07:52:05,-0.6908,neg
153,2021,2,main recur argument raise minimum wage really seem really understand inflation,2021-02-25 07:51:59,-0.3612,neg
154,2021,2,goldman stupid commodity growth surge oh inflation modest macro inflation ezerohedge,2021-02-25 07:51:49,-0.2023,neg
155,2021,2,australia private sector reap billion bonus fear inflation might start get outta control,2021-02-25 07:51:43,0.0772,pos
156,2021,2,bitch look concept inflation,2021-02-25 07:51:42,-0.5859,neg
157,2021,2,remember time sonic fan artificially raise price dollar true look sonic inflation,2021-02-25 07:51:40,0.6249,pos
158,2021,2,pov blind hate poor people forget inflation exist,2021-02-25 07:51:39,-0.886,neg
159,2021,2,political theatre min wage mean sandwich cost gain nothing drive inflation small business pay hs student live home hour part time work,2021-02-25 07:51:35,0.4588,pos
160,2021,2,think depend transition manage relatively gradual heavily focused automation production impact relatively neutral change force occur quickly due geopolitic etc inflation far likely,2021-02-25 07:51:20,0.3818,pos
161,2021,2,dow close near powell reinforce inflation message dc,2021-02-25 07:51:07,0.0,pos
162,2021,2,agree keep cost live inflation year minimum wage close hour keep peep like mitchie elaine bezos fuckerberg rest uber wealthy,2021-02-25 07:51:04,0.7778,pos
163,2021,2,school choice socioeconomic background amp race allow parent ensure good education possible great equalizer spend per student yr gov school unreal inflation last yrs competition healthy across society make everyone well,2021-02-25 07:50:52,0.936,pos
164,2021,2,cool man hear inflation,2021-02-25 07:50:49,0.3182,pos
165,2021,2,big inflation,2021-02-25 07:50:43,0.0,pos
166,2021,2,say without context inflation cost live real dumb hog turd americans believe sentiment,2021-02-25 07:50:36,-0.5106,neg
167,2021,2,good joke beta jb petrol price increase hote hai tb inflation bhi barhti hai nonsense,2021-02-25 07:50:27,0.5719,pos
168,2021,2,year since make hour federal minimum wage high afford pay employee minimum wage still inflation year bad business model,2021-02-25 07:50:26,-0.5994,neg
169,2021,2,tell we make like give damn inflation still make,2021-02-25 07:50:26,-0.0516,neg
170,2021,2,idea inflation purely intellectual entire generation moss eco ask toddler even know interest rate,2021-02-25 07:50:14,0.7645,pos
171,2021,2,finance bill check inflation nigeria minister,2021-02-25 07:50:09,0.0,pos
172,2021,2,either think stupid know inflation historic cost live really stupid sound,2021-02-25 07:49:54,-0.796,neg
173,2021,2,inflation exist suit republican,2021-02-25 07:49:51,0.0,pos
174,2021,2,roughly year later first job fry cook pay hr thankfully inflation increase cost living since,2021-02-25 07:49:43,0.5719,pos
175,2021,2,help wonder powell regret throw little cold water market morning give today trade multiple chance tell everyone money spigot remain wide open inflation wrong message,2021-02-25 07:49:00,-0.296,neg
176,2021,2,statistic canada hastily revise inflation high concern methodology,2021-02-25 07:49:00,0.0,pos
177,2021,2,greenback generally weak across board lose steam versus nzd support rbnz bull weak labor market fed indecision inflation fear merge clip optimistic bull confident strong economy month ahead trade,2021-02-25 07:48:57,-0.25,neg
178,2021,2,something tell inflation rise,2021-02-25 07:48:55,0.0,pos
179,2021,2,obamacare american people need expand help american people minimum wage american people really minimum wage keep inflation get program negativenellie,2021-02-25 07:48:53,0.6124,pos
180,2021,2,velocity money increase velocity circulation indicator transaction individual occur frequently high velocity indicate high degree inflation,2021-02-25 07:48:52,0.3182,pos
181,2021,2,old look inflation cost living increase,2021-02-25 07:48:47,0.3182,pos
182,2021,2,call inflation moron,2021-02-25 07:48:45,-0.4939,neg
183,2021,2,til inflation exist calculate see dipshit,2021-02-25 07:48:21,-0.4767,neg
184,2021,2,inflation ever hear rise cost live ever hear stop mendacity know lie,2021-02-25 07:48:15,-0.296,neg
185,2021,2,look guy understand inflation today dollar hr like hr,2021-02-25 07:48:14,0.3612,pos
186,2021,2,start work minimum wage hr adjust inflation bear earn hr say earn equivalent hr okay senator own free,2021-02-25 07:48:08,0.6369,pos
187,2021,2,every one draft inflation draft,2021-02-25 07:47:59,0.0,pos
188,2021,2,also spend money equipment never use blow create inflation,2021-02-25 07:47:52,-0.2057,neg
189,2021,2,dollar strength mean rba buy gov debt gov gets spend election win sugar hit get low dollar inflation,2021-02-25 07:47:40,0.5267,pos
190,2021,2,senator question inflation,2021-02-25 07:47:39,0.0,pos
191,2021,2,remember account inflation bet change thune,2021-02-25 07:47:38,0.0,pos
192,2021,2,growth keep inflation cut growth change way calculate inflation absolutely count cut social security increase eligibility age result immediate future reduction benefit,2021-02-25 07:47:37,0.8137,pos
193,2021,2,mittee fill management yes man keep bump inflation panie really sweat give employee raise standard cost living increase end performance raise,2021-02-25 07:47:31,0.6124,pos
194,2021,2,someone please explain inflation senior senator south dakota,2021-02-25 07:47:30,0.3182,pos
195,2021,2,sit we senator pretend know inflation,2021-02-25 07:47:16,-0.1027,neg
196,2021,2,someone please explain inflation work asshat,2021-02-25 07:47:06,0.3182,pos
197,2021,2,plz figure yrs nd many time rule consistently year loan corruption economy inflation rate job edu health infrastructure security fp pare everything nd policy prev govmnt nd current gov idk anything plz let know,2021-02-25 07:46:50,0.3818,pos
198,2021,2,sometimes even write one inflation draft,2021-02-25 07:46:34,0.0,pos
199,2021,2,ok time nearly right article seem grade inflation course trust make professional judgement,2021-02-25 07:46:30,0.6705,pos
200,2021,2,sir inflation south dakota,2021-02-25 07:46:00,0.0,pos
201,2021,2,perform basic calculation include inflation try pretty depressing beforehand expect senator good math anymore,2021-02-25 07:45:41,0.5423,pos
202,2021,2,gt man live inflation buy bitcoin gt david incorrect ramble reason gt rest us david explanation confusing please simplify gt david research paper,2021-02-25 07:45:30,0.7783,pos
203,2021,2,investing btc want protect tesla usd inflation,2021-02-25 07:45:30,0.4404,pos
204,2021,3,propensity spend highly link source money get money give tend find way saving money earn likely create inflation,2021-03-25 07:59:45,0.2732,pos
205,2021,3,yay inflation,2021-03-25 07:59:36,0.5267,pos
206,2021,3,love many ppl tweet racist classist shit like well give money poor black ppl spend money suppose spend point let sit account gain interest rate slow rate inflation,2021-03-25 07:59:33,0.5423,pos
207,2021,3,belly inflation,2021-03-25 07:59:21,0.0,pos
208,2021,3,ah late stage capitalism bane every something existence boy howdy management think pizza cupcake helps forget make around hour minimum wage keep inflation amp productivity,2021-03-25 07:59:19,0.1779,pos
209,2021,3,say raise minimum wage cause inflation bullshit boise min wage portland last check rent pretty much,2021-03-25 07:59:05,-0.1531,neg
210,2021,3,silver bull run inevitable money success successtip market silvereconomy silver gold metal mining goldmine wealthcreation economy free investment wealth investor inflation finance business saving global financial,2021-03-25 07:58:49,0.8807,pos
211,2021,3,inflation fear make asset price rise,2021-03-25 07:58:41,-0.1779,neg
212,2021,3,chill nothing happen nursing home death antifa riot still ongoing job we money print inflation record we debt high tax border crisis drug amp sex trafficking cartel covid test division cancel,2021-03-25 07:58:36,-0.9442,neg
213,2021,3,believe something like though measurement basically impossible note ngdp still way target true regardless depend one think inflation ok ngdp target fine,2021-03-25 07:58:18,0.8074,pos
214,2021,3,disasterous international trade forecasting supply demand innovation wonder affect inflation purchase power,2021-03-25 07:57:03,0.2732,pos
215,2021,3,inflation increase stop lie everything facist,2021-03-25 07:56:58,0.0258,pos
216,2021,3,already fiat inflation eat machine want print money fast yesterday,2021-03-25 07:56:48,0.0772,pos
217,2021,3,inflation,2021-03-25 07:56:10,0.0,pos
218,2021,3,bitcoin also inflation,2021-03-25 07:55:49,0.0,pos
219,2021,3,yippee hyper inflation everyone,2021-03-25 07:55:34,0.0,pos
220,2021,3,think cost living increase include crazy food inflation insane rent hike extraordinary people disability factor budget people cerb make much someone odsp,2021-03-25 07:55:22,-0.4215,neg
221,2021,3,kink server I m throw draw prompt someone mention spherical inflation never draw seriously give try turn able go failed timeline make really easy get weird friend bellykink,2021-03-25 07:55:16,0.3914,pos
222,2021,3,inflation,2021-03-25 07:54:59,0.0,pos
223,2021,3,way go glimps inflation every house sell another owner ready buy big payment,2021-03-25 07:54:25,0.3612,pos
224,2021,12,terrific history lesson reminder inflation kind natural calamity,2021-12-25 07:59:56,0.8402,pos
225,2021,12,think post interaction admirable inspiring work job feel sick getting shaft uk gov inflation taxis etc seems never end,2021-12-25 07:59:43,0.4767,pos
226,2021,12,oh love inflation worsen race relation covid case death crime unsafe city open border,2021-12-25 07:59:31,-0.7579,neg
227,2021,12,anyone able school iain inflation,2021-12-25 07:59:25,0.0,pos
228,2021,12,wage growth keep inflation year doubt another warning sign dem,2021-12-25 07:59:11,-0.3182,neg
229,2021,12,son mess around dinner tonight tell late get coal christmas also tell probably get less coal deserve inflation give dirty look,2021-12-25 07:58:59,-0.6597,neg
230,2021,12,agree pay people cause inflation inflation mean need pay people,2021-12-25 07:58:30,0.1779,pos
231,2021,12,think say inflation,2021-12-25 07:58:16,0.0,pos
232,2021,12,price manipulation inflation,2021-12-25 07:58:00,-0.296,neg
233,2021,12,oe prend e normal la distance ainsi que inflation du bitcoin fait que viens dans me dm,2021-12-25 07:57:56,0.0,pos
234,2021,12,inflation drive opportunistic multi national corporation take advantage inflation narrative supply chain issue drive economic amp buy amp buying tantamount approval economy well,2021-12-25 07:57:47,0.7269,pos
235,2021,12,border trump illegal crossing biden pound fentanyl stop border migrant kid rip family reunite biden pass immi reform amp bbb concerned abt price inflation border put ur lie mouth,2021-12-25 07:57:31,-0.7003,neg
236,2021,12,look inflation hedge slow growth btc eth want money next year ftm sol luna,2021-12-25 07:57:30,0.4404,pos
237,2021,12,measurement es objective cease useful measurement tool booth inflation,2021-12-25 07:57:22,0.4404,pos
238,2021,12,hehe sweet,2021-12-25 07:57:16,0.4588,pos
239,2021,12,incorrect leader country impose act decrease rate inflation help economy recover brandon do not,2021-12-25 07:56:27,0.128,pos
240,2021,12,love,2021-12-25 07:56:21,0.6369,pos
241,2021,12,inflation transitory pastor,2021-12-25 07:56:13,0.0,pos
242,2021,12,specifically think biden cause inflation please lay,2021-12-25 07:55:30,0.3182,pos
243,2021,12,shit biden bill amp policy suck especially afghanistan surrender entice illegal invasion amp inflation,2021-12-25 07:55:18,-0.8779,neg
244,2021,12,president nothing inflation go back school,2021-12-25 07:54:36,0.0,pos
245,2021,12,theta cash tbill new tnt token aim well stablecoin solving follow problem inflation inelasticity diversification main state expansion contraction equilibrium learn mc,2021-12-25 07:54:20,0.2023,pos
246,2021,12,hmmm mention low class homeless even mini home plexe like hong kong benefit liberalsndp try cater middle class screw housing economy inflation,2021-12-25 07:54:04,0.4588,pos
247,2021,12,need credit serviceman kill afghanistan leave behind billion military equipment drive inflation historic level let pandemic rage unnecessary say get control med,2021-12-25 07:53:57,-0.7845,neg
248,2021,12,inflation crazy uav still head spin,2021-12-25 07:53:55,-0.34,neg
249,2021,12,true proof ever increase poverty lift poverty temporary change tomorrow job number good mislead due pandemic amp see high wage inflation cause greed top,2021-12-25 07:53:53,-0.0516,neg
250,2021,12,gap rich poor grow sterling devalue brexit vote inflation rise may lead fall sterling flight capital business london country whole face economic pressure,2021-12-25 07:53:20,-0.1779,neg
251,2021,12,inflation open border merry christmas present democrats,2021-12-25 07:53:08,0.5423,pos
252,2021,12,grade inflation everywhere,2021-12-25 07:53:07,0.0,pos
253,2021,12,investor throw cash etf inflation name carbon neutral crypto spot etfs launch canada another bitcoin future etf bite dust bitwise bullish pure bitcoin etf dropping future filing,2021-12-25 07:52:41,0.0,pos
254,2021,12,low wage high immigration high inflation mean necessary,2021-12-25 07:52:26,-0.2732,neg
255,2021,12,christmas need cancel covid year babe able pay credit card inflation,2021-12-25 07:52:10,0.0516,pos
256,2021,12,rely billionaire understand people go pitiful benefit zero hour contract sick pay abuse whilst work hospitality nhs inflation raise national insurance contribution plus sky high gas electricity price,2021-12-25 07:52:00,-0.8442,neg
257,2021,12,class help crap biden mount inflation high year unsecured border covid amp ing unabated high gas amp energy price uptick crime smash amp grab theft food price supply chain issue,2021-12-25 07:51:45,-0.5994,neg
258,2021,12,rent rise yet measure filter high service inflation ing month viawsj,2021-12-25 07:51:32,0.0,pos
259,2021,12,biden christmas gift america inflation debt recession build back bankrupt turn another major failure joe biden nancy pelosi read,2021-12-25 07:51:06,-0.8622,neg
260,2021,12,st quarter end ole joe qb throw pick southern border vp pick inflation crime respect enemy amp high energy cost quarter leave bad news back qb kamala bad ole joe,2021-12-25 07:51:00,-0.875,neg
261,2021,12,prosperity card stack deck squeeze we inflation price gouging thing need live consumer labor cost body amp mind exceed hrs day employee dystopia,2021-12-25 07:50:58,0.0,pos
262,2021,12,anything underlie demand weak many place say demand car china prior chip shortage one consider miss pent demand supply drive inflation make people think economy overheat really,2021-12-25 07:50:57,-0.7906,neg
263,2021,4,sugar high come mass amount liquidity pump economy dumb ass politician inflation already,2021-04-25 07:59:39,-0.7783,neg
264,2021,4,ahh think misunderstood initial post intend response justification reduce capital gain taxis account inflation economist agree long explanation good luck campaign,2021-04-25 07:59:24,0.8555,pos
265,2021,4,oliveoil lubricant take inflation deep inside,2021-04-25 07:59:24,0.0,pos
266,2021,4,effect usd inflation interest rate factor greenspan put gt tech bubble look chart production still go new free trade policy change plus war decline precede war,2021-04-25 07:58:48,-0.1027,neg
267,2021,4,hope everyone hold money bank know currency inflation,2021-04-25 07:58:09,0.4404,pos
268,2021,4,keep saving monetary inflation definition steal saving,2021-04-25 07:57:26,-0.4939,neg
269,2021,4,do not think beta test net good way measure though know say see I m definitely vote either low abolish flr inflation model little much,2021-04-25 07:57:09,0.5423,pos
270,2021,4,look like dollar big spike sideways profit corps reflection dollar devaluation hyperlike inflation,2021-04-25 07:56:55,0.6597,pos
271,2021,4,xrp mmunity xrp inflation goal time xrptothemoon,2021-04-25 07:56:29,0.0,pos
272,2021,4,biden want limit we lbs red meat one hamburger per month way make red meat unaffordable expect shortage massive inflation,2021-04-25 07:55:45,-0.1779,neg
273,2021,4,example nominal gain real gain adjust inflation federal taxis owe counting amts owe state,2021-04-25 07:55:28,0.7783,pos
274,2021,4,inflation,2021-04-25 07:55:00,0.0,pos
275,2021,4,tiger force create public money control inflation help civil administration corona epidemic far one see tiger force action atifrauf,2021-04-25 07:54:48,0.5859,pos
276,2021,4,deceptive remember tell grow interest think stay grow indexation inflation,2021-04-25 07:54:47,0.4588,pos
277,2021,4,inflation si retaaa,2021-04-25 07:54:39,0.0,pos
278,2021,4,hilarious remember inflation dear citizen,2021-04-25 07:54:38,0.6486,pos
279,2021,4,seem inflation catch conversion early rice bag rs liberal must happy growth,2021-04-25 07:54:26,0.743,pos
280,2021,4,primarily capital gain adjust inflation say buy cash year later sell annual inflation period federal tax rate nominal basis real basis,2021-04-25 07:54:05,0.5267,pos
281,2021,6,increase due inflation write law,2021-06-25 07:59:58,0.3182,pos
282,2021,6,aarp report retail drug price continue rise fast inflation pandemic analysis show medicare part spend nearly billion top brand name drug due price increase exceed general inflation rate,2021-06-25 07:59:50,0.4767,pos
283,2021,6,economy seg emergingmarket inflation iran weak economy semiconductor shortfall amp pricing stretch amp delay supplychains china drought amp grain shortfall usd position amp fed activity eft asia econtwitter fintwit inflation,2021-06-25 07:59:44,-0.6369,neg
284,2021,6,sound money soon evry system hype inflation step away that s joice part lose winner,2021-06-25 07:59:35,0.2732,pos
285,2021,6,poll percent believe inflation main economic concern americans top taxis unemployment president trump sid good biden destroy economy,2021-06-25 07:59:16,-0.4019,neg
286,2021,6,fed always bond market many believe hell break loose couple year interest rate explode inflation begin experience,2021-06-25 07:59:09,-0.5994,neg
287,2021,6,low tax inflation tax lol,2021-06-25 07:58:29,0.1779,pos
288,2021,6,like inflation control genius try quell buy add even money economy diluting value even,2021-06-25 07:58:01,0.5994,pos
289,2021,6,current inflation monetary phenomenon either really quite obvious bother look inflation e thing like shipping bottleneck obviously monetary,2021-06-25 07:57:46,-0.1134,neg
290,2021,6,good read behind recent rise core inflation via san francisco feed,2021-06-25 07:57:37,0.4404,pos
291,2021,6,cea kv subramanian expect food inflation ease unlock good monsoon,2021-06-25 07:57:17,0.6597,pos
292,2021,6,we market infrastructure deal funny market see positive deal keep shrink size boe leave thing per flag inflation yield usd oil high metal low market invest trade asx stockmarket stock,2021-06-25 07:57:06,0.6369,pos
293,2021,6,inflation covid recover reason inflation rate expect taxis president biden tax plan increase taxis make top panie pay fare share unemployment rate month month america americans,2021-06-25 07:56:56,0.25,pos
294,2021,6,great piece inflation apmacro,2021-06-25 07:56:49,0.6249,pos
295,2021,6,like say inflation high taxis problem raise minimum wage anything create inflation near future solution get degree get job move fast able spanish imigrant rest,2021-06-25 07:56:49,0.4939,pos
296,2021,6,rise cost live stagnant wage inflation amp debt get everything everyone want okay afford,2021-06-25 07:56:47,-0.0772,neg
297,2021,9,costco nike fedex warn inflation set hit consumerscnbc cost nke fdx,2021-09-25 07:59:56,-0.1027,neg
298,2021,9,embrace pedantic side moment say may great example linguistic inflation,2021-09-25 07:59:49,0.7506,pos
299,2021,9,imagine blame biden inflation,2021-09-25 07:59:35,-0.34,neg
300,2021,9,tell inflation rate protect gain still mean walk away well defi risky help risk,2021-09-25 07:58:57,0.7845,pos
301,2021,9,say inflation around since interest rate usdc,2021-09-25 07:58:18,0.4588,pos
302,2021,9,work hard lose money inflation get habit investing month millionaire time click learn exactly invest aff,2021-09-25 07:58:16,-0.4767,neg
303,2021,9,saving account lt annual return inflation also take money start invest invest beat inflation invest patience build wealth time invest fuel early retirement investing make money work,2021-09-25 07:58:15,0.4939,pos
304,2021,9,inflation rise naturally pandemic start slow econmoist think long term issue literally name one president recent year accidentally drone strike civilian border great,2021-09-25 07:58:09,0.296,pos
305,2021,9,hulk toss bear soon inflation run wild,2021-09-25 07:57:48,0.0,pos
306,2021,9,shortly small group turkish academic begin publish finding inflation late last year datum begin reflect many turk already suspect price rise twice fast government claim ftaylajean,2021-09-25 07:57:21,-0.296,neg
307,2021,9,joe biden overspending cause inflation make price everything go mention mess make afghanistan totally unnecessary mention barely finish sentence without screw unfit duty,2021-09-25 07:57:12,-0.292,neg
308,2021,9,give building skyscraper bridge etc cheap vs even adjust inflation really much well seem plausible,2021-09-25 07:56:23,0.3353,pos
309,2021,9,supply chain disruption apparent desire world government embark endless spending spree keep inflation concern front center investor precious metal week review september th bullionpmi wir,2021-09-25 07:55:53,0.5994,pos
310,2021,9,nibble away sth slowly reduce something even inflation low nibble away people saving reduce value considerably several year,2021-09-25 07:55:02,0.0772,pos
311,2021,9,inflation temporary price level,2021-09-25 07:53:45,0.0,pos
312,2021,9,nation literally steal daily basis via inflation wake,2021-09-25 07:52:12,-0.4939,neg
313,2021,9,brilliant way break inflation jack rate feed know suicide mission anyone guess end likely ton pain wheelbarrow full cash buy bread hobo ride train,2021-09-25 07:52:02,-0.6124,neg
314,2021,9,arizonaaudit joe biden fucking moron change mind fuckbiden gasprice inflation bordercrise afghanistandebacle middleeastcrise bidenremorse impeachbiden covidcrise deltavariant violenceinbluecitie trumpwon bidencheate bidenisaclown,2021-09-25 07:51:55,-0.5413,neg
315,2021,9,es incumbent executive amp treasury make debt good either pay tax es debt cover likely print money cover course cause inflation amp devaluation dollar,2021-09-25 07:50:51,-0.1779,neg
316,2021,9,heck almost generous lol low rate amp inflation negative return,2021-09-25 07:50:49,-0.002,neg
317,2021,9,see rd th th th th like fish story grow keep grow never stop stink proud biden enjoy inflation loser,2021-09-25 07:50:37,0.4389,pos
318,2021,9,stupid inflation,2021-09-25 07:50:33,-0.5267,neg
319,2021,9,organizational debt due title inflation since mon trope titles cheap thing give employee silent killer,2021-09-25 07:50:04,-0.7783,neg
320,2021,9,make big difference vote sad situation see family kid face eviction care people politician rent expensive corporation need pay worker hour keep inflation,2021-09-25 07:49:46,-0.5106,neg
321,2021,9,anything literally anything go good right good biden one crisis shit show another spend trillion crime inflation invasion border holy shit man,2021-09-25 07:49:43,-0.875,neg
322,2021,9,link paper inflation mention bygeneraltheorist good amp funniest economics paper read quite rudd author lead quote dashiell hammett amp footnote adorable opening bullet point make cheer,2021-09-25 07:49:30,0.9186,pos
323,2021,9,weird problem obviously people pay enough pay much inflation happen think es wage probably adjust depend standard living area place need hour other get away less,2021-09-25 07:49:22,-0.6369,neg
324,2021,11,imagine think democrats legislation already go effect let alone cause inflation rise year,2021-11-25 07:59:57,-0.25,neg
325,2021,11,storm rider official page nov pm heat protest southern spain metalworker city diz expand protest effort demand high wage line rapid national inflation around worker begin indefinite,2021-11-25 07:59:54,-0.296,neg
326,2021,11,daughter tooth fall naturally throw american flag blanket amp go put bill pillow wake needless say terrify tale currency inflation crypto federalreserve tezos,2021-11-25 07:59:48,-0.5106,neg
327,2021,11,know inflation we thing,2021-11-25 07:59:45,0.0,pos
328,2021,11,obviously member congress care voter suffer inflation get reelect,2021-11-25 07:59:43,-0.0772,neg
329,2021,11,bitcoin fight inflation inflation rise teaching invest earn cryptocurrency bitcoin precise make passive reach via dm interested learning cryptocurrencie,2021-11-25 07:59:36,0.25,pos
330,2021,11,interesting look aggregation problem price index overall index inflation quote headline may bear little resemblance price change ponent level,2021-11-25 07:59:33,0.0,pos
331,2021,11,inflation invisible beast like lie central bank,2021-11-25 07:59:33,0.3612,pos
332,2021,11,right es government print money devalue exist dollar system greedy bastard,2021-11-25 07:59:31,-0.7003,neg
333,2021,11,inflation,2021-11-25 07:59:26,0.0,pos
334,2021,11,inflation we happen alarmed americans,2021-11-25 07:59:17,-0.34,neg
335,2021,11,gallon congratulation rampant inflation,2021-11-25 07:59:08,0.5994,pos
336,2021,11,joe biden spending thanksgiving billionaire house americans suffer effect inflation expensive thanksgiving history think fir work class,2021-11-25 07:59:04,-0.5423,neg
337,2021,11,inflation great debter go properly leveraged,2021-11-25 07:59:04,0.6249,pos
338,2021,11,yea happy tp turkey back stock rest entire supply chain follow suit good news inflation folk worry rest thing available price basic need,2021-11-25 07:58:57,0.5719,pos
339,2021,11,carbon tax nothing current inflation example represent cent increase gas start january st hardly inflationary,2021-11-25 07:58:56,0.3182,pos
340,2021,11,erdo gamble economy amid protest rocket inflation turkey,2021-11-25 07:58:48,-0.25,neg
341,2021,11,medium thing biden beto biden cut childhood poverty half get infrastructure bill pass vaccine free available low unemployment create million job wage msm inflation,2021-11-25 07:58:47,-0.6124,neg
342,2021,7,berry mistake steelbeak blueberry inflation story,2021-07-25 07:59:56,-0.34,neg
343,2021,7,berry mistake steelbeak blueberry inflation story,2021-07-25 07:59:31,-0.34,neg
344,2021,7,dollar store accounting inflation,2021-07-25 07:59:18,0.0,pos
345,2021,7,yup agree stop lie ur town hall lie many time first say crime went say inflation happen even tho barley afford gas want country well fix border cost,2021-07-25 07:59:15,-0.2023,neg
346,2021,7,inflation check panie raise price,2021-07-25 07:59:05,0.0,pos
347,2021,7,democrats waste tax dollar trillion taxis need go high let count inflation gas food,2021-07-25 07:58:17,-0.4215,neg
348,2021,7,berry mistake steelbeak blueberry inflation story,2021-07-25 07:58:05,-0.34,neg
349,2021,7,bitcoin inflation uncontrollable government eeuu,2021-07-25 07:57:54,-0.3612,neg
350,2021,7,die der gr nen decken gerade die inflation I m lebensmittelbereich ab,2021-07-25 07:57:43,-0.8316,neg
351,2021,7,berry mistake steelbeak blueberry inflation story,2021-07-25 07:57:38,-0.34,neg
352,2021,7,btc ethereum gold solution inflation,2021-07-25 07:57:33,0.3182,pos
353,2021,7,maine lb lobster minus inflation,2021-07-25 07:56:44,0.0,pos
354,2021,7,please watch tip generally good lead indicator pm course inflation expectation tip move strongly recent day suggest imminent turn pm,2021-07-25 07:56:22,0.743,pos
355,2021,7,yeaaaa fistbump especially see see sudden inflation numerous people claim alt different personality help feel people trend feel cool edgy different,2021-07-25 07:56:11,0.6124,pos
356,2021,7,yeah think see inflation go value dollar go gas food price go idiot stop trust guy people,2021-07-25 07:55:56,0.34,pos
357,2021,7,transitory inflation,2021-07-25 07:55:25,0.0,pos
358,2021,7,contract care new investor pay inflation staker hex sure early stake get share stake vs usd usually like everything guy pay less,2021-07-25 07:54:11,0.8126,pos
359,2021,7,minimum wage yield cheesecake factory lunch inflation always catch rise wage go hand hand minimum wage countrywide turn minimum wage nyc ca etc cycle never end small business obliterate,2021-07-25 07:54:05,0.3612,pos
360,2021,8,heartbreaking story afghanistan amp also havepotus poll slip amp inflation yay kennedy tonight darksecretplacerochelleritchiekristinbtatecombatflipflopstombevanrcpjonathanhoenig pet pt onfoxbusiness,2021-08-25 07:59:53,0.1027,pos
361,2021,8,inflation,2021-08-25 07:59:38,0.0,pos
362,2021,8,plus gas inflation open border strand americans afghanistan shut domestic oil ask opec pump yeah bang job far sleepy joe,2021-08-25 07:59:17,0.296,pos
363,2021,8,absolutely agree pandemic like war war inflationary disrupt everything early inning pandemic solve amp forget inflation persist,2021-08-25 07:59:16,-0.5177,neg
364,2021,8,hope everyone put piece shit select president happy strand afghanistan wide open border covid infect illegal inflation wage say raise corp taxs simply dump consumer pure economic failure go joe,2021-08-25 07:58:39,-0.7579,neg
365,2021,8,independent moderate rep dem think even obviously senescent old man well trump people see covid care president see result joe decision eg border inflation big international embarrassment since iran,2021-08-25 07:58:19,0.34,pos
366,2021,8,bernie inflation kill we,2021-08-25 07:57:58,-0.6908,neg
367,2021,8,pass fed finance double qe usd bust election amp lower afterwards double digit inflation pretty much government insanity,2021-08-25 07:57:43,-0.4019,neg
368,2021,8,inflation food shortage sure prepare,2021-08-25 07:57:42,0.0772,pos
369,2021,8,one reason increasingly deflation potential inflation effect fade six month ago february something easily forget never anything nuisance instead chart,2021-08-25 07:57:25,0.128,pos
370,2021,8,listen everymacrovoice podcast one clint cox anddrpippam must pippa always make thing clear early ton thing recently inflation digital currency defi revolution,2021-08-25 07:57:19,0.3818,pos
371,2021,8,want another reason care vaccine inequality contribute inflation unvaccinated manufacturing country like vietnam force shut factory unable meet demand vaccinate world,2021-08-25 07:57:16,0.6705,pos
372,2021,8,national debt print money think national debt primary driver inflation,2021-08-25 07:56:53,-0.6124,neg
373,2021,8,inmate use raman money cause inflation jail,2021-08-25 07:56:50,0.0,pos
374,2021,8,wrong worker family going pay one way another likely though inflation business pass high taxis consumer wait uproar people learn end step cost basis inherit asset cost,2021-08-25 07:56:48,-0.25,neg
375,2021,8,construction manufacture push wage inflation bbg,2021-08-25 07:56:37,0.0,pos
376,2021,8,pay big small business return raise price return inflation inflation poor middle class indirect tax es,2021-08-25 07:56:24,-0.5423,neg
377,2021,8,thrill find sq foot house current low interest rate high inflation interest rate rise may case hate see many people lose home like,2021-08-25 07:55:52,0.3612,pos
378,2021,8,brexit issue though supply chain wreck covid plenty shortage inflation know guy point see reply like plaut realize global pandemic,2021-08-25 07:55:38,-0.34,neg
379,2021,8,much hide tax fed say need another trillion erode saving money print less worth yes always inflation matter fast rise live every day pany,2021-08-25 07:54:55,0.3461,pos
380,2021,8,weird people care inflation es buy car toy stuff es feed family unbelievably cruel,2021-08-25 07:54:39,-0.3804,neg
381,2021,8,true print money thin air create inflation look educate,2021-08-25 07:54:32,0.5994,pos
382,2021,8,libtard carbon tax everything need live spark inflation slowly make everyone poor,2021-08-25 07:54:06,-0.296,neg
383,2021,8,people blame oil gauge rather fix car blame somebody else car blow problem warn people love tesla elon overprice stock market inflation come,2021-08-25 07:53:32,-0.4019,neg
384,2021,8,biden want americans spread vaccination open border inflation hi tax crime thru roof socialist rollout title infrastructure plan leave americans strand foreign land amp cowardiceness action decision time biden resign country,2021-08-25 07:53:28,-0.7003,neg
385,2021,8,run inflation calculator wow like today,2021-08-25 07:53:20,0.743,pos
386,2021,8,yet republicans blame inflation biden see irony,2021-08-25 07:53:12,-0.3818,neg
387,2021,8,mon think desire annual retirement percentage current factor lifespan inflation medical cost affect future retirement,2021-08-25 07:53:02,0.4019,pos
388,2021,8,biden get endless expensive war death money well trump talk nothing like usually border crisis ongoing inflation due covid supply chain issue oil line hack crime wave start trump continue,2021-08-25 07:52:55,-0.9469,neg
389,2021,8,say inflation due biden also make statement trump horrible job number,2021-08-25 07:52:50,-0.4939,neg
390,2021,8,solution immigration inflation covid vaccine resistance masks school afghanistan economy eviction much hard solution blame other point finger spew party rhetoric,2021-08-25 07:52:38,0.128,pos
391,2021,8,reconciliation bill fail chance inflation drop really biden hope keep house dem get great christmas gift hershel walker run senate take ga table pickup unless gigantic wave,2021-08-25 07:52:35,0.7635,pos
392,2021,8,gop input dem reckless trillion budget inflation run rampant need turn printing press amp identify real need investment future generation afford irresponsible spending,2021-08-25 07:52:31,-0.6808,neg
393,2021,8,inflation ratify spanish conquest aztec inca empire spanish conquistadore hern cort francisco pizarro well establishment klein venedig german welser family search legendary el dorado ultimately charle,2021-08-25 07:52:19,0.2732,pos
394,2021,8,also I m rlly look idea involve fullbody inflation rn sorry tummy section fine,2021-08-25 07:51:55,0.128,pos
395,2021,12,yeah right biden mount inflation high year unsecured border covid amp ing unabated high gas amp energy price uptick crime smash amp grab theft food price supply chain issue,2021-12-25 07:50:53,-0.4215,neg
396,2021,12,many thing cause irregular tire wear include inflation tire good news know read tire wear help get vehicle back track,2021-12-25 07:50:38,0.6808,pos
397,2021,12,segwit continue without least double price every year remove build reduction block subsidy want inflation bitcoin keep scam afloat narrative gradually move way approach next halve,2021-12-25 07:50:37,-0.743,neg
398,2021,12,inflation eat month saving second,2021-12-25 07:50:18,0.0,pos
399,2021,12,stock hd home depot news top blue chip stock handle soar inflation motley fool try good pivot point calculator tradingview stock stockstowatch,2021-12-25 07:50:05,0.2023,pos
400,2021,12,keep hope inflation stop suppose transitory obviously we different mean word biden country right track border secure hope sleep every night,2021-12-25 07:49:46,0.7184,pos
401,2021,12,inflation direct taxation borrow main way government spending fund,2021-12-25 07:49:32,0.0,pos
402,2021,12,country far biden admn cause mount inflation high year unsecured border covid amp ing unabated high gas amp energy price uptick crime smash amp grab theft food price supply chain issue,2021-12-25 07:49:29,-0.6124,neg
403,2021,12,wage growth keep inflation year screw perfectly good rant fact,2021-12-25 07:49:00,0.7845,pos
404,2021,12,turkish people already btc crypto especially since inflation skyrocket matter whatever bill turkish official adopt support,2021-12-25 07:48:42,0.5423,pos
405,2021,12,dude chant fuck joe biden games fan never leave give attention sport wake ass medium tell we vote biden inflation sky rocket obviously clue talk anyways kinda like,2021-12-25 07:47:55,-0.5179,neg
406,2021,12,amazing idea pay extra check bag fly separate fast plane like fighter jet sr per mercial flight double pilot double air crew triple convenience inflation bye bye,2021-12-25 07:47:43,0.7579,pos
407,2021,12,actually lot first year much focus inflation democrat infighte progressive go medium grip get pet legislation also help bill promise,2021-12-25 07:47:31,0.6124,pos
408,2021,12,insult inflation live,2021-12-25 07:47:08,-0.5106,neg
409,2021,12,omg dude term inflation literally refer expansion credit currency every economic theory one condone policy back school lad,2021-12-25 07:46:53,0.3818,pos
410,2021,12,inflation steal money short,2021-12-25 07:46:32,-0.4939,neg
411,2021,12,christmas scratcher loser year brandon planning fight inflation,2021-12-25 07:46:22,-0.7184,neg
412,2021,6,ok great nonetheless stable predictable monetary policy remain important keep inflation bay vastly different current monetary fiscal policy,2021-06-25 07:56:41,0.8519,pos
413,2021,6,go drop shoot back go end year next summer inflation high,2021-06-25 07:56:08,-0.5423,neg
414,2021,6,friend dollar question guess inflation million dollar question think multiple choice,2021-06-25 07:56:03,0.4939,pos
415,2021,6,covid covid covidorigincnnapnprabcnbcnewswspwsj trump usa america fortdetricfederalreserve inflation currency stockmarket long canmexico take inflation overnight rate we still around domino collap,2021-06-25 07:55:36,0.0,pos
416,2021,6,apologize ability prehend fathom refer current inflation word diligent use exact word instead vague pronoun next time,2021-06-25 07:55:32,0.3182,pos
417,2021,6,indeed fascinating debate thebankofengland prepare risk little inflation devalue government debt eschew rate rise spelt indebted public pay heavy personal price,2021-06-25 07:55:31,-0.128,neg
418,2021,6,look rear view mirror inflation risk object close appear close hedge bitcoinjoecarlasarebitcointinajimmysongbritishhodltheamericanhodldonnaredelneiljacob,2021-06-25 07:55:30,-0.2732,neg
419,2021,6,fed policymaker worry high inflation bacon use car stick around long stay high tho maybe high other highlight depth job hole aim get job every american want one,2021-06-25 07:55:12,-0.0516,neg
420,2021,6,biden plan drive big surge inflation nearly year consumer price rise may year ago,2021-06-25 07:55:02,0.0,pos
421,2021,6,inflation,2021-06-25 07:54:27,0.0,pos
422,2021,6,inflation really happen,2021-06-25 07:54:06,0.0,pos
423,2021,6,mean favor raise wage cuz inflation get anyways,2021-06-25 07:53:24,0.4019,pos
424,2021,6,wnba might move bet ticket be not arena concessions babe floor wit long hair wnba girl get next inflation make supporter sorry bron,2021-06-25 07:53:08,0.2023,pos
425,2021,6,biden buck hit bank account bitcoin stock market inflation go,2021-06-25 07:52:52,0.0,pos
426,2021,6,inflation horrible everybody need raise,2021-06-25 07:52:38,-0.5423,neg
427,2021,6,man insane legit scary stuff inflation,2021-06-25 07:52:37,-0.7096,neg
428,2021,6,sure inflation defi token hold transitory,2021-06-25 07:52:21,0.3182,pos
429,2021,6,visit sink estates food bank hospital go critical rape victim get justice interest rate go inflation surge pensioner start die winter poverty ya go to,2021-06-25 07:52:01,-0.872,neg
430,2021,6,keep say rent inflation overall tell,2021-06-25 07:52:00,0.0,pos
431,2021,6,look like mexico gut hike rate fight inflation be not back do not expect much feed transitory peso soar mexican central bank shock unexpected rate hike,2021-06-25 07:51:58,-0.4019,neg
432,2021,6,mindset back late th century makes think poor people work get month truly understand basic economic growth wage inflation,2021-06-25 07:51:57,0.34,pos
433,2021,6,government think inflation adjust cap maximum asset roth ira pass legislation accordingly people penalize stock appreciate rapidly,2021-06-25 07:51:51,0.6369,pos
434,2021,6,afraid inflation except afraid market reaction aka inflation expectation inflation expectation kill,2021-06-25 07:51:42,-0.6908,neg
435,2021,6,boe forecasting inflation peak economic bounce back briefly soon need raise interest rate,2021-06-25 07:51:28,0.4588,pos
436,2021,6,hear inflation run much hotter economy likely slow fed fascinating watch unfold dollar remain wildcard see reason veer hypothesis,2021-06-25 07:50:58,0.5423,pos
437,2021,6,job hole inflation fed policymaker split risk view,2021-06-25 07:50:40,-0.2732,neg
438,2021,6,half people rent inflation remain half majority mortgage payment lot cheap low rate deflation new cash full pay buyer get inflation weight get inflation,2021-06-25 07:50:32,-0.3612,neg
439,2021,6,mario gibney paul exactly point need context know mean word inflation,2021-06-25 07:50:12,0.0,pos
440,2021,6,market stay high inflation bring viayoutube,2021-06-25 07:50:04,0.0,pos
441,2021,6,yep one realize maybe nash argument ideal rate inflation zero,2021-06-25 07:49:15,0.4767,pos
442,2021,6,inflation admit always improve,2021-06-25 07:49:11,0.5719,pos
443,2021,6,fact provide friedman quote mean learn inflation well,2021-06-25 07:48:59,0.2732,pos
444,2021,6,massive inflation horizon happen mean tweet,2021-06-25 07:48:51,0.0,pos
445,2021,6,tail end correction economy may see major correction later year inflation keep getting push aside price keep go build supply lumber,2021-06-25 07:48:26,0.0,pos
446,2021,6,give multiple way people use term inflation think context important,2021-06-25 07:48:20,0.2023,pos
447,2021,6,boc seven cpi inflation version include cpix,2021-06-25 07:48:16,0.0,pos
448,2021,6,interview tidwell jally ultimately agree sumner inflation pointless,2021-06-25 07:48:04,0.3612,pos
449,2021,6,dow future rise point help nike earning key inflation report ahead,2021-06-25 07:47:52,0.4019,pos
450,2021,6,need high inflation rate need high cost living,2021-06-25 07:47:47,0.0,pos
451,2021,6,love hyper inflation,2021-06-25 07:47:44,0.6369,pos
452,2021,6,joke afaik generally accept definition inflation general rise price good people seem use various way incorrectly interview paul assume nash position base quote take context,2021-06-25 07:47:28,0.7717,pos
453,2021,6,say first stage inflation post war germany stimulate response denial,2021-06-25 07:47:27,-0.4588,neg
454,2021,6,inflation many category advice offer way manufacturing entity plan perhaps even take advantage inflation business,2021-06-25 07:47:27,0.25,pos
455,2021,6,pretty sure say fair know hick work day oh please stop print money inflation go wreck small town lot food grow,2021-06-25 07:47:25,0.6124,pos
456,2021,6,sound like north korea shame one regulate destroy middle class inflation artifical stock market bubble create benefit something else,2021-06-25 07:47:24,0.0,pos
457,2021,6,obviously exaggeration demand low prior covid believe amount monetary policy lead inflation consumer price bottleneck regulation shoot price copper iron silver gold tin corn beef etc,2021-06-25 07:47:16,-0.6124,neg
458,2021,6,top federal reserve official admit soar consumer price may last long anticipate despite fed chair jerome powell insist inflation surge transitory via,2021-06-25 07:47:14,0.3818,pos
459,2021,6,inflation lumber much grocery twice much get,2021-06-25 07:46:16,0.0,pos
460,2021,6,inflation,2021-06-25 07:46:04,0.0,pos
461,2021,6,present admin wala pang pandemic sadsad na ekonomoya natin taas na ng inflation rate sandamakmak na dinagdag ng utang natin consider na mat nakalaan ng budget para sa ibang infrastracture na nakaplano na sa admin njya na ngayon naumpisan sa bagong admin,2021-06-25 07:45:37,0.0,pos
462,2021,6,inflation start last year round one print biden dem print trillion hyperinflation maybe study money work instead many gender muppet,2021-06-25 07:45:20,0.0,pos
463,2021,6,good stuff do clown inflation rise high gas food housing price unemployment grow well stagnant people unwilling leave gov teat work yeah great job really screw time,2021-06-25 07:45:02,0.7584,pos
464,2021,6,invest lose money every day inflation big risk placency inaction invest debt debtfree growth millennial taxrich eattherich,2021-06-25 07:44:29,-0.6908,neg
465,2021,6,haha pretty good inflation,2021-06-25 07:44:22,0.8442,pos
466,2021,6,inflation make headline fed raise inflation forecast annual wholesale inflation hit one hot level ever plus high cost labor issue continue impact construction new home realestate,2021-06-25 07:44:00,0.0,pos
467,2021,6,gaslighte we nightmarish inflation already feed deny even exist viaactivistpost,2021-06-25 07:43:10,-0.34,neg
468,2021,6,case wonder adjust inflation barenake lady need million buy love,2021-06-25 07:42:55,0.6369,pos
469,2021,6,obama fy greenbook amp wyden rise act sensible force provision roth exceed certain threshold obama age dependent year old example wyden inflation adjust,2021-06-25 07:42:40,0.2732,pos
470,2021,6,fifth seem lowball number include cash pur say also pur heloc growingly tap investor we ref buyer investor amp pur cash thing market since gfc line inflation covid,2021-06-25 07:42:39,-0.128,neg
471,2021,6,damn expensive know want say inflation ridiculous,2021-06-25 07:42:20,-0.5994,neg
472,2021,6,provision calculation also inflation adjust since inclusion tax code think,2021-06-25 07:42:17,0.0,pos
473,2021,7,bate inflation inflation potus basically,2021-07-25 07:53:58,0.0,pos
474,2021,7,wonke inflation risk intermittent fast mon,2021-07-25 07:53:26,-0.2732,neg
475,2021,7,american usd go hell via inflation,2021-07-25 07:53:18,-0.6808,neg
476,2021,7,inflation rate report monthly risky business lumber use car price already fall,2021-07-25 07:53:02,-0.2023,neg
477,2021,7,weimar republic offer generous public service currency collapse aware spending pay inflation tax poor,2021-07-25 07:52:59,-0.5267,neg
478,2021,7,fee move year keep inflation real term get cheap we earn thing cost licence fee cost always despite production cost increase,2021-07-25 07:51:46,-0.2411,neg
479,2021,7,happen withscotiabankjm get away thing thing bcuz dept boj charge monitor bank seem know boj customer service charter least evidence centralbankja strength fatca amp inflation,2021-07-25 07:51:31,0.4939,pos
480,2021,7,get ready quick succession post go to try something new upload steelbeak blueberry inflation story image see,2021-07-25 07:51:04,0.5106,pos
481,2021,7,president trump live turningpoint say wait till see real number inflation americafirst,2021-07-25 07:50:39,0.0772,pos
482,2021,7,stock market eventually start slow towards end quarter car back lot gas price e inflation ease housing price e extreme policy sorry,2021-07-25 07:50:37,0.2315,pos
483,2021,7,en cuanto mis fetiche rara vez le digo que algo voy desde lo rom ntico hasta lo sucio desenfrenado aunque tengo favoritos futanari impregnation cum inflation deep troath anal,2021-07-25 07:50:18,0.0,pos
484,2021,7,fact check inflation increase every month joe biden presidency bidenflation,2021-07-25 07:50:09,0.3182,pos
485,2021,7,opinion wonking inflation risk intermittent fast mon,2021-07-25 07:50:02,-0.2732,neg
486,2021,7,objective inflation employment distribution climate inclusion instrument printer,2021-07-25 07:49:57,0.0,pos
487,2021,7,fairly obvious point gold silver suppress price explode people get fiat system create huge problem fiat currency amongst massive inflation fed allow gold silver metal invest trade,2021-07-25 07:49:46,0.3818,pos
488,2021,7,mean wholesale inflation consumer inflation go way next quarter yes grateful print exist spend,2021-07-25 07:49:35,0.6908,pos
489,2021,7,root inflation much money chase good economist friend milton friedman frequently observe new york times warn inflation also result long lasting damage wage keep,2021-07-25 07:49:23,0.3612,pos
490,2021,7,wage rise inflation socialism,2021-07-25 07:48:57,0.0,pos
491,2021,8,high wage knock effect price turn everyone else wage effectively go inflation rise worker start strike pay brexit take we back brexiteer happy,2021-08-25 07:51:16,0.6908,pos
492,2021,8,dem put together policy cause problem virus control inflation business find employee big gov cause problem solve,2021-08-25 07:51:15,-0.5574,neg
493,2021,8,ihs markit pmi pretty decent predictor we real gdp well hope correlation way otherwise we economy really cool way bad possible time forget inflation big problem,2021-08-25 07:51:04,0.3462,pos
494,2021,8,need prevent inflation dollar store remain dollar,2021-08-25 07:50:46,0.0258,pos
495,2021,8,inflation year dollar already,2021-08-25 07:50:44,0.0,pos
496,2021,8,way inflation go plenty realistic year,2021-08-25 07:50:37,0.0,pos
497,2021,8,inflation literally hide tax inflation steadily go regardless rebuild crumble infrastructure help everyday americans get work,2021-08-25 07:50:34,0.25,pos
498,2021,8,neoliberal nonsense issue economy spending cause inflation,2021-08-25 07:50:32,-0.4019,neg
499,2021,8,hyperinflation merely really high inflation inflation protection also protect hyperinflation,2021-08-25 07:50:31,0.3818,pos
500,2021,8,important we stop add debt pay cause inflation people afford democrats happy til pletely crush economy get everyone live government handout,2021-08-25 07:50:29,-0.0516,neg
501,2021,8,take inflation hit world still back we dollar reason dump buy back low gain,2021-08-25 07:49:45,-0.0772,neg
502,2021,8,senate amp house clear blueprint full package pass senate along party line month maybe feed budge tapering inflation care less pelosi nice yellow dress amp political power ing,2021-08-25 07:49:27,0.8756,pos
503,2021,8,dollar day year add inflation make dollar year ago worth nothing scoff,2021-08-25 07:49:17,0.2263,pos
504,2021,8,obviously feel inflation gas price increase white privileged,2021-08-25 07:49:14,0.6369,pos
505,2021,8,ted sorry never study history gerald ford withdraw troop vietnam leave pow nixon agree bring home busy inflation war leave behind vietnamese ally also kill biden remove thousand already,2021-08-25 07:49:08,-0.8316,neg
506,2021,8,inflation run hot,2021-08-25 07:48:43,0.0,pos
507,2021,9,we lose control rapid decline inflation skyrocket food gas price shoot moon poverty homelessness continue increase,2021-09-25 07:55:06,-0.7269,neg
